{
  "r2": 0.8437822203100942,
  "mae": 0.21563774603174596,
  "weights": {
    "w1": 0.04,
    "w2": 0.06,
    "w3": 0.9
  }
}